,date,open,close,high,low,value,volume,sentiment_score,MA7,MA20,MACD,20SD,upper_band,lower_band,EMA,logmomentum
0,2025-01-03,280.0,272.25,280.41,271.8,11853565984.9,43086870.0,-0.19304353178712072,,,-7.75,,,,272.25,5.603040904854669
1,2025-01-06,270.88,274.37,274.41,270.07,7737094495.2,28454750.0,0.095794799038316,,,-5.246153846153845,,,,273.84,5.610826188934837
2,2025-01-08,273.07,277.0,277.87,273.07,7356165148.5,26634660.0,0.14701367346399735,,,-3.084724803952156,,,,276.0276923076923,5.62040086571715
3,2025-01-09,276.71,271.8,278.77,270.73,14491325783.8,52952880.0,-0.06485630496645899,,,-3.7253065446435585,,,,273.174,5.60138054103812
4,2025-01-10,272.31,278.77,279.53,270.27,19623132401.4,71154220.0,0.17582985525483474,,,-1.7752152632183993,,,,276.9200826446281,5.626793433128065
5,2025-01-13,280.62,279.8,284.75,278.6,18781966095.5,66601710.0,-0.0350793989917042,,,-1.4053217803050302,,,,278.84266483516484,5.630494678886369
6,2025-01-14,279.84,279.85,282.36,277.41,12888705821.9,46037150.0,0.07924651841195127,276.2628571428572,,-1.0942600049482394,,,,279.5145288197622,5.630674002835563
7,2025-01-15,280.0,282.77,282.82,276.06,14768778206.9,52864450.0,0.11734976703274731,277.7657142857143,,-0.45523519014915337,,,,281.68517378048784,5.641091135316281
8,2025-01-16,283.7,281.8,284.0,281.18,13975953014.3,49453530.0,-0.0770002347964117,278.82714285714286,,-0.7009112018962469,,,,281.7617284828778,5.637642672151656
9,2025-01-17,282.2,283.53,284.64,280.19,14674366108.3,51876150.0,0.06481390231713557,279.76,,-0.47209649883495786,,,,282.9405961251863,5.643784739638504
10,2025-01-20,285.1,278.19,286.23,277.61,19166116805.7,67946640.0,-0.21467384159990793,280.67285714285714,,-1.4433892898391605,,,,279.7735141634584,5.624703191628953
11,2025-01-21,279.39,281.85,281.85,276.32,11305302708.9,40478260.0,0.047036415320352486,281.11285714285714,,-0.9348680847692776,,,,281.1578406593407,5.637820718978442
12,2025-01-22,282.0,280.36,284.0,280.2,13286163684.6,47106880.0,-0.034393169579229714,281.1928571428571,,-1.0842575790711635,,,,280.62594655282936,5.632501272651237
13,2025-01-23,280.79,280.49,280.79,277.35,10774689057.8,38573410.0,-0.10421111703171175,281.2842857142858,,-1.009878677921506,,,,280.5353154986611,5.632966513779786
14,2025-01-24,281.0,280.74,282.75,279.25,9028740828.2,32155210.0,-0.09364789166830532,280.9942857142857,,-0.951100175764509,,,,280.67177184239694,5.6338606003511575
15,2025-01-27,280.72,275.23,280.97,275.01,10825883885.4,39035610.0,-0.1833050104579488,280.05571428571426,,-1.4324993404025577,,,,277.04392386318864,5.613967170333837
16,2025-01-28,275.25,278.35,279.26,274.01,10821743892.1,39030820.0,0.039215332100614474,279.3157142857143,,-0.6920552098143844,,,,277.914641294472,5.6252802465012435
17,2025-01-29,278.0,280.36,282.18,277.12,10974299055.3,39161630.0,0.08352181598690067,279.6257142857143,,-0.2923895402475978,,,,279.5448804356986,5.632501272651237
18,2025-01-30,280.44,281.97,282.5,280.36,7888310432.6,28020880.0,-0.0017831973093290765,279.64285714285717,,-0.1701911978169619,,,,281.1616268132906,5.638247902068488
19,2025-01-31,281.97,280.73,284.11,280.27,11395665602.0,40333120.0,-0.10578172527904126,279.69571428571425,279.0105,-0.4091118039812045,3.332464671901808,285.6754293438036,272.34557065619634,280.8738756043477,5.633824852232399
20,2025-02-03,280.21,279.55,280.35,278.0,8477125815.3,30373760.0,0.05444165765733765,279.5614285714286,279.3755,-0.44468673130739944,2.9282947705375983,285.2320895410752,273.5189104589248,279.99129186803157,5.629597576466825
21,2025-02-04,279.55,277.4,281.41,275.7,6685824653.4,23986670.0,-0.07273874723663937,279.0842857142857,279.527,-0.5686115498795061,2.727171467019681,284.98134293403933,274.07265706596064,278.2637639559555,5.621849091893515
22,2025-02-05,277.3,282.88,283.89,275.34,12035124307.1,43070410.0,0.1629809642848949,280.1771428571429,279.821,0.15234515505323998,2.757191362696157,285.3353827253923,274.30661727460773,281.3412546520178,5.641481448458822
23,2025-02-06,283.89,287.15,288.92,282.09,19885584125.2,69363150.0,0.02037159324169059,281.4342857142857,280.5885,0.1398968828258944,2.5343602431590715,285.6572204863182,275.51977951368184,285.2137515506863,5.656516148855111
24,2025-02-07,287.66,285.81,288.9,285.08,7924869053.3,27626070.0,-0.07862341545198387,282.2128571428571,280.94050000000004,-0.5318938250795213,2.7483554412737514,286.43721088254756,275.4437891174525,285.6112505168959,5.651822291280947
25,2025-02-10,287.61,289.94,294.55,287.61,21267188580.4,73052590.0,0.0702655262276669,283.3514285714286,281.44750000000005,-0.7125676348264847,3.3877874708087266,288.2230749416175,274.6719250583826,288.4970835056331,5.666219054101235
26,2025-02-11,290.35,294.06,294.1,289.3,16355814309.0,56009830.0,0.04431721483860872,285.2557142857143,282.158,-0.8931023237382192,4.379929823999255,290.9178596479985,273.3981403520015,292.2056945018782,5.680377366209879
27,2025-02-12,294.3,314.0,314.4,291.3,56277149585.3,185816680.0,0.5083650553764042,290.1771428571428,283.71950000000004,0.07991907540929333,8.364287162504793,300.4480743250096,266.9909256749905,306.7352315006267,5.746203190540153
28,2025-02-13,315.61,310.1,318.72,307.2,36604642922.8,116925810.0,-0.16879687166674504,294.84857142857146,285.1345,-2.538051456876701,10.212135440893762,305.55877088178755,264.71022911821245,308.97841050020895,5.733664849138071
29,2025-02-14,315.59,309.87,317.84,303.06,39525316749.6,126690930.0,-0.1585752467189027,298.7042857142857,286.4515,-4.639883083485188,11.59865521923717,309.64881043847436,263.25418956152566,309.57280350006965,5.732920476399523
30,2025-02-17,314.0,319.5,319.55,312.31,26824441532.1,84827010.0,0.10913203903895807,303.3257142857143,288.517,-5.269289940012129,13.56208418232324,315.6411683646465,261.3928316353535,316.1909345000232,5.763622475012218
31,2025-02-18,319.99,312.95,320.92,310.21,26823149077.9,85001770.0,-0.08159640310988579,307.20285714285717,290.072,-7.092077476795112,14.507411028051953,319.0868220561039,261.0571779438961,314.0303115000077,5.7428429185567955
32,2025-02-19,313.53,315.91,317.25,311.01,15868701994.0,50484340.0,0.0599784376164821,310.9128571428572,291.8495,-7.287861594738899,15.404926920341241,322.65935384068246,261.0396461593175,315.2834371666693,5.752286883715816
33,2025-02-20,315.91,315.05,317.96,314.02,10477695990.6,33164900.0,-0.07466045856144524,313.9114285714286,293.5775,-7.765964268213679,15.99083450473729,325.55916900947454,261.5958309905254,315.12781238888977,5.74955220890039
34,2025-02-21,315.48,314.74,316.69,312.0,10285495344.6,32725520.0,0.0223643914361602,314.0171428571429,295.27750000000003,-8.020223705816647,16.35732408787549,327.992148175751,262.56285182424904,314.8692707962966,5.748564617428094
35,2025-02-24,314.92,316.03,316.4,313.0,11245263329.0,35730390.0,-0.03285201600462597,314.86428571428576,297.3175,-7.948211488201821,16.269459563049008,329.856419126098,264.778580873902,315.6430902654322,5.752667872386011
36,2025-02-25,316.03,316.97,318.59,315.62,12313543551.0,38826960.0,0.0342338990384864,315.87857142857143,299.2485,-7.885205884489949,16.191437722645848,331.63137544529167,266.8656245547083,316.52769675514406,5.755647272371277
37,2025-02-26,316.97,310.22,317.45,308.31,23040552826.8,73827020.0,-0.26671736091702675,314.5528571428572,300.7415,-8.408009690583583,15.728130773603786,332.19776154720756,269.2852384527924,312.32256558504804,5.734052997674449
38,2025-02-27,310.22,307.1,312.45,305.43,18840933180.5,60936490.0,-0.14669515859038024,313.71714285714285,301.998,-8.003314701505985,15.142469589309453,332.2829391786189,271.7130608213811,308.84085519501605,5.723911845951367
39,2025-02-28,306.01,309.63,310.4,304.05,20165953351.0,65681370.0,0.10419896851044799,312.82000000000005,303.44300000000004,-6.786363379192096,14.365075374891694,332.1731507497834,274.71284925021666,309.36695173167203,5.73214314842516
40,2025-03-01,309.84,310.11,310.94,309.47,352894151.0,1138430.0,0.043894556113705,312.11428571428576,304.971,-6.266283252636072,13.273698132218746,331.5183962644375,278.4236037355625,309.8623172438907,5.733697200604404
41,2025-03-02,309.5,307.44,309.63,306.8,580768223.4999995,1885110.0,-0.04462849258805628,311.07142857142856,306.473,-5.937791574147411,11.581396197986725,329.63579239597345,283.3102076040266,308.24743908129693,5.72502197764862
42,2025-03-03,306.45,305.5,307.92,300.2,20184378218.89999,66467290.0,-0.030577461486016373,309.56714285714287,307.604,-5.316085109299706,10.175253468975576,327.9545069379511,287.25349306204885,306.415813027099,5.718671087149952
43,2025-03-04,306.95,316.4,318.5,306.14,27673062102.69999,88130960.0,0.2263768076125709,309.4857142857143,309.0665,-4.020445403121698,9.12891662160498,327.32433324321,290.80866675679005,313.07193767569964,5.753841674528938
44,2025-03-05,316.4,313.56,318.3,313.0,18258763571.00001,57792400.0,-0.14561076924284777,309.96285714285716,310.454,-4.522638270110804,7.342123886035997,325.138247772072,295.769752227928,313.3973125585665,5.744796450746815
45,2025-03-06,313.6,315.18,317.43,313.57,10074119599.49998,31963110.0,0.004292099316511248,311.1171428571428,311.716,-4.342418192216428,5.590814270795656,322.8976285415913,300.5343714584087,314.58577085285555,5.749966070071793
46,2025-03-07,315.19,316.92,321.87,310.69,35131355149.59997,110871260.0,0.02084988489979605,312.15857142857146,312.85900000000004,-4.245740479896995,3.860087127460385,320.5791742549208,305.13882574507926,316.1419236176185,5.755489016978394
47,2025-03-10,316.98,317.57,320.63,316.37,12523199814.100004,39315360.0,0.06774554023105508,313.22428571428566,313.0375,-4.327738507752656,3.995784456281282,321.0290689125626,305.04593108743745,317.09397453920616,5.7575443861663
48,2025-03-11,317.7,319.69,321.98,315.57,20743337430.100018,64935150.0,0.06724918069641078,314.97428571428566,313.517,-4.2858135364582495,4.195160244101632,321.90732048820325,305.12667951179674,318.8246581797354,5.764218843460032
49,2025-03-12,319.99,318.39,320.9,315.8,13354955867.099998,41964450.0,-0.12813193612037116,316.8157142857143,313.943,-4.631980882797166,4.237700592986281,322.4184011859725,305.46759881402744,318.5348860599118,5.760131301609848
50,2025-03-13,318.39,316.37,320.5,312.5,24872186568.70003,78552090.0,-0.034507625567438666,316.81142857142856,313.7865,-4.775001050893309,4.076403568421351,321.9393071368427,305.6336928631573,317.09162868663725,5.753746552693649
51,2025-03-14,316.0,320.51,321.1,314.12,16479988152.40002,51762530.0,0.094429520153733,317.80428571428575,314.1645,-4.175500236764947,4.336942259000191,322.83838451800034,305.4906154819996,319.3705428955457,5.766788572232327
52,2025-03-15,320.69,320.74,321.3,319.82,466802663.6,1455280.0,-0.032598790175382676,318.59857142857146,314.406,-4.3109065990798285,4.567599162062083,323.5411983241242,305.2708016758758,320.28351429851523,5.7675081655367455
53,2025-03-16,320.52,323.44,323.5,320.52,1832146317.899999,5680630.0,0.10333661325169971,319.53000000000003,314.82550000000003,-4.137845414379626,4.9951297069726825,324.8157594139454,304.8352405860547,322.3878380995051,5.7759170724154005
54,2025-03-17,323.44,326.02,326.97,322.62,19106596632.19997,58701560.0,0.1152774948078655,320.7371428571428,315.3895,-4.177002460267431,5.586745097951154,326.56299019590233,304.21600980409767,324.8092793665017,5.783886718897863
55,2025-03-18,326.2,324.06,329.77,323.82,23858590971.49999,72947120.0,-0.005870998339255772,321.3614285714285,315.791,-4.702318596596683,5.914148868781799,327.6192977375636,303.9627022624364,324.3097597888339,5.777838064485612
56,2025-03-19,324.5,325.3,326.88,322.3,12924249479.50001,39800890.0,-0.02224078279028306,322.34857142857146,316.20750000000004,-4.730042597407021,6.283342954528148,328.7741859090563,303.64081409094376,324.9699199296113,5.781669013313272
57,2025-03-20,325.41,324.05,326.0,321.8,13733625340.500011,42356790.0,-0.0488829095220469,323.44571428571425,316.899,-4.922316332460184,6.350378273027106,329.5997565460542,304.1982434539458,324.3566399765371,5.777807110004175
58,2025-03-21,323.8,323.26,326.08,322.15,9307475192.499992,28707780.0,0.003222394232605468,323.8385714285714,317.707,-4.84374403781203,6.059370385914128,329.82574077182824,305.58825922817175,323.6255466588457,5.775358673145423
59,2025-03-24,323.26,319.47,323.94,318.51,10625951470.3,33041960.0,-0.044743127717685016,323.65714285714284,318.19899999999996,-4.933544261137513,5.761178516132446,329.72135703226485,306.67664296773506,320.85518221961524,5.763528279053155
60,2025-03-25,320.0,319.8,322.2,314.65,15393054646.499971,48328480.0,-0.02895867022601421,323.13714285714286,318.6835,-4.464636981323622,5.4438224525370345,329.57114490507405,307.7958550949259,320.15172740653844,5.76456394691606
61,2025-03-26,319.9,315.23,320.88,315.01,6538901138.499995,20580040.0,-0.1255413717278131,321.5957142857143,319.073,-4.374661889338256,4.842492942147311,328.7579858842946,309.38801411570535,316.8705758021795,5.750125201849154
62,2025-03-27,315.51,311.96,317.16,311.95,11358486600.299994,36146350.0,-0.14508742357383003,319.8671428571429,319.396,-3.8762956116685245,4.038152782491855,327.47230556498374,311.3196944350163,313.5968586007265,5.7396642865439675
63,2025-03-28,311.96,308.04,313.65,305.65,16031305830.600002,51876870.0,-0.1599987847004929,317.40142857142854,318.97799999999995,-3.2284868311297146,4.736838385964469,328.4516767719289,309.50432322807103,309.89228620024215,5.72697803225939
64,2025-03-29,307.8,303.89,308.3,302.64,1747735531.2999992,5739820.0,-0.06064973656357049,314.5214285714286,318.4945,-2.3983581381289127,5.712095638113634,329.91869127622726,307.07030872377277,305.89076206674736,5.7133697032921065
65,2025-03-30,303.2,299.22,305.3,298.8,2759610417.2000003,9158830.0,-0.03681686592809359,311.08714285714285,317.6965,-1.405659899888576,7.136699277604206,331.96989855520843,303.4231014447916,301.44358735558245,5.697831469162762
66,2025-03-31,300.0,309.72,310.88,300.0,14913988983.299995,48565800.0,0.2499466074256575,309.69428571428574,317.3365,0.6172763996129902,7.356152652175871,332.04880530435173,302.62419469564827,306.96119578519415,5.7324347172293635
67,2025-04-01,310.5,303.24,312.9,302.7,14189067837.79999,46088340.0,-0.1347250083195228,307.3285714285715,316.62,0.2079557427280747,8.001762963642717,332.6235259272854,300.6164740727146,304.48039859506474,5.7112214037532
68,2025-04-02,303.23,306.11,306.5,301.21,12239463777.80001,40207020.0,0.09391784506920342,306.0257142857143,315.941,1.1342255549454876,8.29822549198307,332.5374509839661,299.34454901603385,305.5667995316883,5.720672367324469
69,2025-04-03,306.21,302.09,309.2,296.0,15830422691.600004,52408560.0,-0.1394807518593559,304.61571428571426,315.12600000000003,1.122197522544809,8.82853769855148,332.783075397103,297.46892460289706,303.2489331772294,5.70740922337855
70,2025-04-04,303.55,285.35,304.37,284.4,26036638105.7,88719200.0,-0.4278994011695655,301.37428571428575,313.57500000000005,0.216953912618294,11.045049140964597,335.66509828192926,291.48490171807083,291.3163110590765,5.6502058737528085
71,2025-04-05,285.25,284.98,287.03,280.11,3989185557.3999977,14100160.0,0.06932966805585372,298.67285714285714,311.7985,2.0856198555863443,12.616467632674443,337.0314352653489,286.5655647346511,287.0921036863588,5.6489038131462115
72,2025-04-06,285.35,290.35,290.47,284.22,2521287511.699998,8755880.0,0.13747641164582894,297.4057142857143,310.27900000000005,3.9065965262986992,13.294715966562965,336.868431933126,283.68956806687413,289.2640345621196,5.667637028019848
73,2025-04-07,285.3,287.56,294.0,275.76,35622731488.80004,125244840.0,0.1415193743272251,294.24000000000007,308.485,5.1460266108472865,13.835142705596311,336.1552854111926,280.8147145888074,288.12801152070654,5.657947938312402
74,2025-04-08,290.0,282.03,294.66,281.5,18971747387.59999,65532930.0,-0.3473738479542947,291.21,306.28550000000007,4.950164668286163,14.386483230339692,335.0584664606795,277.51253353932066,284.0626705069022,5.638461425200972
75,2025-04-09,280.91,293.4,294.48,276.33,31178982733.200012,109378190.0,0.3825169791694594,289.39428571428573,304.7525,6.892534778189258,14.02169104412319,332.7958820882464,276.7091179117536,290.287556835634,5.678122727875623
76,2025-04-10,294.09,292.21,296.75,291.55,14533935000.900002,49360530.0,-0.04674391616487931,287.98285714285714,303.098,6.362024382894504,13.408394307102489,329.914788614205,276.281211385795,291.569185611878,5.674044656392245
77,2025-04-11,293.0,299.81,300.48,292.8,15032498602.80003,50418210.0,0.16887459643471622,290.04857142857145,301.88599999999997,6.584484065373886,12.47811026515933,326.8422205303186,276.9297794696813,297.063061870626,5.69980791990079
78,2025-04-12,300.18,300.95,301.8,300.03,1390132352.4999988,4615240.0,0.02510617948145423,292.33,300.7705,5.741364719279318,11.419058157769705,323.60861631553945,277.9323836844606,299.65435395687535,5.703615794099102
79,2025-04-13,300.88,301.49,301.99,300.01,1229399056.6000006,4079210.0,-0.08316077710509762,293.9214285714285,299.8715,4.9565388319894055,10.543606830681801,320.9587136613636,278.78428633863643,300.8781179856251,5.705414475551326
80,2025-04-14,301.49,296.5,302.4,295.13,10383449717.100002,34768950.0,-0.14262421273228298,295.1985714285714,298.7065,3.8279110659873936,9.457001458123322,317.62050291624666,279.79249708375335,297.959372661875,5.688668836846153
81,2025-04-15,296.51,297.99,300.45,295.6,7237200065.199996,24258710.0,0.05776561828348681,297.4785714285714,297.84450000000004,3.719886580906177,8.620322057117113,315.08514411423425,280.6038558857658,297.9797908872917,5.693698468202181
82,2025-04-16,298.0,300.8,303.3,296.06,9025534176.099997,30103500.0,0.14892123579832905,298.5357142857143,297.28650000000005,3.5889896248983177,7.997201665187808,313.2809033303757,281.2920966696244,299.8599302957639,5.703115585668497
83,2025-04-17,300.89,304.8,305.07,300.41,11378109269.200005,37579800.0,0.07767185479918924,300.3342857142857,297.1245,3.3295866004584695,7.798243712529015,312.72098742505807,281.52801257494195,303.15331009858795,5.716369590161673
84,2025-04-18,302.7,300.01,303.85,296.25,13843312685.900003,46147920.0,-0.111398638128177,300.36285714285714,296.9305,2.4991811744860115,7.668256149113647,312.2670122982273,281.5939877017727,301.05777003286266,5.700477017647475
85,2025-04-21,302.67,308.12,308.7,301.76,15696937031.399996,51260130.0,0.11797523460450929,301.38714285714286,297.3755,2.395600579011955,8.05652234952647,313.4885446990529,281.26245530094707,305.76592334428756,5.727238550692542
86,2025-04-22,308.5,312.25,315.0,306.55,19986720462.29999,64482010.0,0.1427094606999035,302.92428571428576,297.50200000000007,1.7586448326267714,8.27738682384588,314.05677364769184,280.9472263523083,310.08864111476254,5.740596447778917
87,2025-04-23,313.0,310.0,314.98,305.55,18205856288.000015,58851190.0,-0.06008984089600457,304.8528571428572,297.84000000000003,0.42314428890097133,8.653499444246677,315.1469988884934,280.5330011115067,310.0295470382542,5.733341276897746
88,2025-04-24,310.77,310.16,312.8,309.09,7504459729.800006,24120000.0,-0.04218965105699374,306.5914285714286,298.0425,-0.3072497939690493,8.901056634497111,315.84461326899424,280.2403867310058,310.1165156794181,5.733858942238671
89,2025-04-25,310.85,316.69,317.87,310.71,16278145183.500025,51763570.0,0.17483936736862699,308.8614285714285,298.7725,-0.4110685882654934,9.803426831041172,318.37935366208234,279.1656463379176,314.498838559806,5.754760719420831
90,2025-04-26,318.42,317.58,320.26,317.0,3030912426.400002,9511000.0,-0.016247191906574726,310.6871428571429,300.38399999999996,-1.5197897512111354,10.124634574302304,320.63326914860454,280.1347308513954,316.552946186602,5.757575974257592
91,2025-04-27,318.2,318.18,318.97,317.39,711972353.0999999,2238080.0,0.047929421159217535,313.28285714285715,302.044,-2.302361262003444,10.187605162518269,322.41921032503654,281.6687896749634,317.63764872886736,5.759469436070455
92,2025-04-28,318.36,314.23,320.0,313.52,16579805833.899977,52315790.0,-0.13851353468763083,314.1557142857143,303.23799999999994,-3.206904605589102,10.144209963790903,323.52641992758174,282.94958007241814,315.3658829096225,5.746937744970129
93,2025-04-29,314.99,309.41,315.45,308.1,9421538560.5,30249990.0,-0.15716068258092653,313.75,304.33050000000003,-3.764940256428474,9.524532575904974,323.37956515180997,285.2814348481901,311.3952943032075,5.731430066585013
94,2025-04-30,309.28,307.8,309.95,303.12,12646916301.799995,41266290.0,-0.057869179525007426,313.4357142857143,305.61899999999997,-3.463708114555459,7.964190182508181,321.54738036501635,289.6906196349836,308.9984314344025,5.726196069493101
95,2025-05-02,307.8,299.96,307.8,299.7,5981323145.999999,19751770.0,-0.27417022280146564,311.9785714285714,305.947,-3.5585011460321425,7.559263470109257,321.0655269402185,290.8284730597815,302.97281047813414,5.700309785177228
96,2025-05-03,299.9,300.7,302.24,299.52,885285489.1000004,2942530.0,0.036143221674683756,309.69428571428574,306.3715,-2.411334055127554,6.962034846977454,320.2955696939549,292.44743030604513,301.45760349271137,5.702781974322617
97,2025-05-04,300.7,301.8,302.78,300.02,864836754.6999992,2867700.0,0.04230946007522916,307.44,306.471,-1.5175150530547512,6.877024984074221,320.2250499681484,292.7169500318516,301.6858678309038,5.706445592075685
98,2025-05-05,301.8,294.64,302.59,291.66,13480322823.399982,45508060.0,-0.18729233260303071,304.07714285714286,306.15549999999996,-1.487263875310532,7.27677015903144,320.7090403180628,291.6019596819371,296.98862261030126,5.68235452724258
99,2025-05-06,294.65,302.02,304.75,292.05,14773158821.500002,49327640.0,0.185743810866549,302.3328571428571,306.18199999999996,0.11870135740775822,7.259830794026593,320.7016615880531,291.6623384119468,300.3428742034337,5.707176707724217
100,2025-05-07,302.5,302.79,304.24,300.56,8976384139.900003,29667370.0,-0.063099265983236,301.38714285714286,306.4965,0.30893971225685846,6.947866219207312,320.3922324384146,292.6007675615854,301.9742914011446,5.709731411258612
101,2025-05-08,302.9,302.15,306.0,300.61,6320270506.899994,20811410.0,-0.0408381934027264,300.58,306.7045,0.34880595292446515,6.738929694028185,320.18235938805634,293.22664061194365,302.0914304670482,5.70760847948973
102,2025-05-10,303.53,302.38,304.0,301.7,631306314.7999998,2084470.0,-0.0474364661048269,300.92571428571426,306.7835,0.2876374747636419,6.675026729692357,320.1335534593847,293.4334465406153,302.2838101556827,5.708371926990008
103,2025-05-11,305.85,305.48,307.64,304.55,2502211997.600002,8172680.0,-0.04979150802424955,301.60857142857145,306.8175,0.09611279462029643,6.666117685729993,320.14973537146,293.48526462854,304.41460338522757,5.71860540354784
104,2025-05-12,307.53,310.81,311.49,307.26,10750497142.800013,34702020.0,0.07705425907855602,302.8957142857143,307.3575,0.07722179732866152,6.521508442716561,320.40051688543315,294.3144831145669,308.67820112840917,5.735959206351422
105,2025-05-13,310.8,311.24,312.5,309.61,7704228262.300001,24762720.0,0.0315276699477878,305.26714285714286,307.51349999999996,-0.37229425894582846,6.577781800961098,320.6690636019222,294.35793639807775,310.38606704280306,5.737346191494342
106,2025-05-14,311.5,304.21,313.71,304.04,8424502346.79999,27152010.0,-0.0907565156886525,305.58,307.1115,-1.3437920018844238,6.518490521908642,320.14848104381724,294.0745189561827,306.2686890142677,5.714425634754681
107,2025-05-15,304.2,304.72,307.77,300.49,14406540059.199997,47487250.0,0.022403251906637722,305.8557142857143,306.84749999999997,-1.0118362846910145,6.502248902454895,319.85199780490973,293.8430021950902,305.23622967142256,5.716106224345033
108,2025-05-16,304.7,306.34,308.88,296.56,19427040526.800003,63956680.0,0.05590967446084636,306.4542857142857,306.6565,-0.6911960918389468,6.455763866907253,319.5680277338145,293.74497226618547,305.97207655714084,5.721425909828796
109,2025-05-17,306.34,308.89,309.48,306.01,1477623227.9000003,4795590.0,0.06277211637114523,307.38428571428574,306.2665,-0.4767947440779494,6.039938371069506,318.346376742139,294.186623257861,307.91735885238023,5.729742576325733
110,2025-05-18,309.67,311.15,311.86,309.3,1679170653.4000003,5402510.0,-0.05772293152701019,308.19428571428574,305.94500000000005,-0.6191901118972396,5.557935531150298,317.06087106230063,294.82912893769947,310.0724529507934,5.737056051419127
111,2025-05-19,311.5,308.33,313.0,306.34,13788573869.600012,44498890.0,-0.08255882207345146,307.84000000000003,305.4525,-1.1972952106919479,4.801667336512184,315.0558346730244,295.8491653269756,308.91081765026445,5.727922088842681
112,2025-05-20,308.88,306.16,309.55,304.7,6083077283.300007,19810690.0,-0.06732024788283936,307.1142857142857,305.04900000000004,-1.430397865198188,4.342349473196508,313.7336989463931,296.364301053607,307.07693921675485,5.720836229222028
113,2025-05-21,306.17,303.98,307.56,302.89,6242559258.5000105,20456330.0,0.06600137131096122,307.0814285714286,304.7775,-1.372307873911268,4.223456896654234,313.22441379330843,296.3305862066915,305.01231307225163,5.713666796730178
114,2025-05-22,304.5,302.66,305.6,299.17,10582114096.699991,35013910.0,-0.0579219703908073,306.7871428571429,304.5205,-1.1769831971881786,4.186076513747541,312.8926530274951,296.14834697250495,303.44410435741725,5.709300555340106
115,2025-05-23,302.66,302.22,305.0,301.33,5198782407.699999,17175890.0,0.0034476793437081925,306.1985714285714,304.6335,-0.781027182214018,4.085792166958614,312.80508433391725,296.4619156660828,302.62803478580577,5.707840894783702
116,2025-05-26,302.22,297.77,302.49,295.5,10306538220.399984,34631470.0,-0.11898875167584795,304.61,304.48699999999997,-0.7288970985737819,4.282069224347809,313.0511384486956,295.9228615513043,299.38934492860193,5.692957428017367
117,2025-05-27,297.73,298.7,299.9,293.08,7673014297.999992,25760040.0,-0.03237591885143205,302.83142857142855,304.332,0.02920500011276772,4.437727725809956,313.2074554516199,295.45654454838007,298.9297816428673,5.69608626802173
118,2025-05-28,299.0,308.47,308.82,299.0,14648131212.000011,48001460.0,0.30523246725698877,302.8514285714286,305.0235,1.1622756878764449,3.891961046757178,312.8074220935144,297.23957790648564,305.2899272142891,5.7283775215115815
119,2025-05-29,308.61,306.65,309.95,305.66,7398147137.400005,24049740.0,-0.013168136538478918,302.92142857142863,305.255,0.5313948992773021,3.8412751446419073,312.9375502892838,297.57244971071617,306.196642404763,5.722440656474735
120,2025-05-30,306.27,309.3,310.29,305.01,6759369553.499991,21916240.0,0.11853260380454067,303.68142857142857,305.5805,0.5650372918199764,3.8968225585255047,313.374145117051,297.78685488294894,308.26554746825434,5.731073334892105
121,2025-05-31,309.31,308.74,309.84,308.31,451073946.5000003,1459500.0,-0.060210796134776506,304.55,305.90999999999997,0.11030910540694094,3.8700061199464244,313.6500122398928,298.1699877601071,308.5818491560848,5.729255270629232
122,2025-06-01,308.69,303.14,308.69,300.51,3618159889.8,11904960.0,-0.07271016192753875,304.68142857142857,305.948,-0.573174302689381,3.8371118524774315,313.6222237049548,298.27377629504514,304.9539497186949,5.710890486115579
123,2025-06-02,302.6,309.63,311.99,302.0,12643311908.799995,41216150.0,0.11365255136835009,306.3757142857143,306.1555,0.2523151698715651,3.9217483681592387,313.9989967363185,298.31200326368156,308.0713165728983,5.73214314842516
124,2025-06-03,309.7,313.55,314.88,309.39,10951973457.999992,34937680.0,0.12846735412194002,308.4971428571429,306.2925,0.1743869646516032,4.134966269830185,314.5624325396604,298.02256746033964,311.72377219096614,5.744764456377822
125,2025-06-04,314.0,313.23,318.29,311.17,16958795557.500011,53786160.0,0.08990746321105501,309.1771428571428,306.392,-0.5300237561352787,4.281626105262458,314.9552522105249,297.8287477894751,312.7279240636554,5.743740095713326
126,2025-06-05,313.55,317.96,318.59,313.53,8986855429.999996,28359290.0,0.06251867937210176,310.7928571428571,307.0795,-0.6650258327463803,4.962588962479985,317.00467792496,297.15432207504,316.21597468788514,5.758775582950241
127,2025-06-06,318.35,313.13,325.43,312.52,32500344718.100033,102022760.0,-0.15874401294565102,311.34000000000003,307.5,-1.8092192794522362,5.106360327030946,317.7127206540619,297.2872793459381,314.15865822929504,5.743419767694698
128,2025-06-07,314.0,314.65,314.95,313.72,635883392.3000005,2022260.0,0.02154156406536614,312.1842857142857,307.91549999999995,-1.962707334421907,5.33975898825345,318.5950179765068,297.2359820234931,314.486219409765,5.748277714542752
129,2025-06-08,314.66,314.35,314.88,313.61,508442301.0999999,1618500.0,-0.0330551424276126,313.7857142857143,308.18850000000003,-2.1769484843425744,5.528443461342907,319.24538692268584,297.1316130773142,314.3954064699217,5.747320776670684
130,2025-06-09,314.69,311.17,315.51,310.0,9389216316.600004,30113360.0,-0.16677997257583882,314.0057142857143,308.1895,-2.5637060450758895,5.52900911937277,319.24751823874556,297.13148176125446,312.2451354899739,5.737120534266712
131,2025-06-10,311.21,308.68,313.3,307.55,8619271205.500002,27818280.0,-0.06151678084368281,313.31,308.207,-2.526686059714052,5.530031026847565,319.2670620536951,297.1469379463049,309.86837849665795,5.72906028184047
132,2025-06-11,309.53,312.0,313.6,308.03,8191275736.2,26275440.0,0.010636956270291056,313.13428571428574,308.49899999999997,-1.9933232919593138,5.5702923479928135,319.6395846959856,297.35841530401433,311.28945949888595,5.739792912179234
133,2025-06-13,313.28,310.2,313.39,309.53,4174681243.700002,13424610.0,-0.054810282095871854,312.0257142857143,308.81000000000006,-2.2348431467560204,5.477574376732244,319.76514875346453,297.8548512465356,310.5631531662953,5.733988316713267
134,2025-06-14,310.21,310.29,311.17,309.55,449114079.9,1445960.0,-0.0439080961062697,311.62,309.1915,-1.9547249317632236,5.289162977258511,319.76982595451705,298.613174045483,310.3810510554318,5.734279348098205
135,2025-06-15,310.97,310.09,311.4,309.74,605167042.8999999,1949530.0,0.05486174729593506,310.9685714285714,309.58500000000004,-1.8438096345402641,5.029587719841568,319.6441754396832,299.5258245603169,310.18701701847726,5.733632496625086
136,2025-06-16,310.2,311.5,314.37,309.81,6656435011.0,21327040.0,-0.005648463883967357,310.5614285714286,310.2715,-1.5230178473471483,4.2007872382512765,318.67307447650256,301.86992552349744,311.0623390061591,5.738183901373533
137,2025-06-17,311.61,313.56,314.93,310.5,7304100659.300002,23302090.0,0.03391772098995984,310.90285714285716,311.0145,-1.3038408222545286,3.2538179598421904,317.5221359196844,304.5068640803156,312.72744633538633,5.744796450746815
138,2025-06-18,313.56,313.38,314.82,311.63,5520966745.999993,17607700.0,0.036083470650598165,311.57428571428574,311.26,-1.4083736785091787,3.236916986725099,317.7338339734502,304.7861660265498,313.16248211179544,5.7442203954295765
139,2025-06-19,313.41,312.46,316.45,312.14,9522281144.399996,30310650.0,-0.08578784958399542,311.64,311.5505,-1.5213466655494017,3.057132256148081,317.6647645122962,305.4362354877038,312.6941607039318,5.741270919067192
140,2025-06-20,312.46,309.7,313.59,309.3,6863014852.000015,22045200.0,-0.05917465975190664,311.56857142857143,311.5705,-1.6616417116585467,3.042909748389561,317.6563194967791,305.4846805032209,310.69805356797724,5.732369931508114
141,2025-06-23,310.9,310.17,311.44,308.04,4938806149.600001,15950290.0,0.04657517172865068,311.5514285714285,311.642,-1.5092609571009916,2.9892273249122607,317.6204546498245,305.66354535017547,310.34601785599244,5.733891287426518
142,2025-06-24,310.3,311.37,312.02,309.0,5897307982.6,18994470.0,-0.05279495039228772,311.7342857142857,312.0535,-1.199795803197162,2.2263665821011567,316.5062331642023,307.6007668357977,311.02867261866413,5.7377651341536655
143,2025-06-25,311.65,313.78,314.29,311.57,6341067887.70001,20230110.0,0.06385399253345907,312.06,312.26099999999997,-0.9606417587494889,2.181546771396729,316.62409354279345,307.8979064572065,312.86289087288804,5.745500068008069
144,2025-06-26,313.8,312.84,314.5,312.74,4068113458.200002,12976890.0,-0.011475162274625946,311.95714285714286,312.2255,-1.138449176119991,2.1651825618912164,316.55586512378244,307.8951348762176,312.8476302909626,5.74249023575925
145,2025-06-27,313.03,315.18,315.5,313.0,5982192972.000001,19035650.0,0.09398272290820048,312.2142857142857,312.323,-0.9839261891002025,2.2548453092004017,316.83269061840076,307.8133093815992,314.4025434303209,5.749966070071793
146,2025-06-28,315.2,315.31,315.67,315.11,281025070.49999994,890790.0,-0.05905566462513503,312.62142857142857,312.1905,-1.1513632707349188,1.9654582296842702,316.1214164593685,308.25958354063147,315.0075144767736,5.750379760032983
147,2025-06-29,315.32,315.95,317.5,315.31,835561529.3000003,2641730.0,-0.05004042916892672,313.5142857142857,312.3315,-1.2392252117646194,2.130617096178556,316.5927341923571,308.0702658076429,315.6358381589245,5.752413896067938
148,2025-06-30,315.95,316.15,317.7,314.6,8408743051.600003,26600320.0,0.031161127411371205,314.36857142857144,312.4065,-1.3688692675710286,2.240113425230239,316.8867268504605,307.9262731495395,315.9786127196415,5.753048715959119
149,2025-07-01,316.69,318.42,319.6,316.3,6964251168.600004,21887840.0,0.05852347618757041,315.3757142857143,312.61,-1.3982597314540612,2.584374097085444,317.77874819417093,307.4412518058291,317.6062042398805,5.760225818079412
150,2025-07-02,318.96,319.43,319.85,317.41,6600317218.200002,20701250.0,0.024312408510181502,316.18285714285713,313.023,-1.6600519966557954,2.972932452717853,318.96886490543574,307.0771350945643,318.82206807996016,5.763402670637226
151,2025-07-03,319.53,319.17,321.5,318.74,6500049426.2,20286790.0,0.008309416347193717,317.08714285714285,313.5475,-1.9478374757196093,3.08945724240253,319.72641448480505,307.368585515195,319.05402269332006,5.762585831132179
152,2025-07-04,318.85,319.44,321.41,317.5,5689934411.000002,17811390.0,-0.01919911828595328,317.69571428571425,313.9195,-2.0305998348365506,3.3317396672801647,320.5829793345604,307.2560206654397,319.31134089777333,5.763434074220378
153,2025-07-05,319.5,319.55,320.6,319.5,214954813.90000015,671870.0,0.012864640385481532,318.3014285714286,314.387,-2.157429509395797,3.4366907277054364,321.2603814554109,307.5136185445891,319.47044696592445,5.763779448562497
154,2025-07-06,319.65,319.37,319.7,319.29,132902587.10000008,416040.0,0.007646073738800744,318.79,314.841,-2.268051907492236,3.4665968447761957,321.7741936895524,307.9078063104476,319.4034823219748,5.763214228425613
155,2025-07-07,319.38,313.5,319.94,312.82,9439148210.300009,29913000.0,-0.18194707779840752,318.4114285714286,315.01149999999996,-2.725344997062848,3.3005059819433464,321.6125119638867,308.41048803611324,315.46782744065825,5.744604469176457
156,2025-07-08,313.34,309.71,315.31,309.6,7996138126.899993,25532140.0,0.000874289067646708,317.1671428571429,314.92199999999997,-2.471085108543434,3.4227452816649433,321.76749056332983,308.0765094366701,311.62927581355274,5.732402324893387
157,2025-07-09,310.01,310.09,312.3,307.6,9252314230.599983,29871070.0,0.025756092646618448,315.8328571428571,314.74850000000004,-1.744629685741529,3.5797651716575363,321.9080303433151,307.588969656685,310.6030919378509,5.733632496625086
158,2025-07-10,310.77,314.01,315.07,310.5,7434156902.400009,23711960.0,0.02364769148659651,315.0957142857143,314.78,-0.9812272703076701,3.569847409388469,321.9196948187769,307.640305181223,312.8743639792836,5.7462351389115875
159,2025-07-11,314.5,309.88,317.88,308.85,12241821099.600016,39276450.0,-0.0841541453497438,313.73,314.65099999999995,-1.2147882637526664,3.70225521597476,322.0555104319495,307.24648956805044,310.87812132642784,5.7329528519559805
160,2025-07-12,310.0,310.2,311.0,310.0,271310868.7,873720.0,-0.043572839018693584,312.39428571428573,314.67600000000004,-0.7205719984982579,3.668598470375831,322.0131969407517,307.3388030592484,310.4260404421426,5.733988316713267
161,2025-07-13,310.5,309.44,310.91,308.8,329908157.2000001,1066040.0,0.0120502292951012,310.9757142857143,314.6395,-0.4560942757319708,3.7190738448113247,322.07764768962267,307.20135231037733,309.76868014738085,5.73152733496476
162,2025-07-14,308.96,317.97,318.85,304.38,18403047475.000015,59042270.0,0.287086064285728,311.6142857142857,314.96950000000004,0.6130126668003868,3.70649000509869,322.3824800101974,307.55651998980267,315.23622671579363,5.758807132174922
163,2025-07-15,318.16,319.99,320.43,316.6,12910720451.20001,40470270.0,0.004948019218770777,313.0828571428571,315.28000000000003,0.2805697519071373,3.858589870597209,322.99717974119443,307.56282025880563,318.40540890526455,5.765159754331105
164,2025-07-16,320.0,321.58,322.0,319.54,11827832481.600008,36861670.0,0.08764827598352559,314.72428571428566,315.717,-0.1275326641546144,4.057498710964093,323.8319974219282,307.6020025780718,320.5218029684215,5.770131855197735
165,2025-07-17,321.26,327.05,329.23,321.19,29731917686.30001,91182020.0,0.16383045472858396,316.58714285714285,316.3105,-0.216471765649203,4.778825527371146,325.86815105474227,306.7528489452577,324.8739343228072,5.787050743839211
166,2025-07-18,300.45,309.0,309.4,300.25,35354690604.99996,115982520.0,0.2649083238849264,316.4614285714286,315.995,1.6467943741873228,5.049011888739532,326.09302377747906,305.89697622252095,314.2913114409357,5.730099782973574
167,2025-07-19,309.69,312.42,313.91,309.59,2819873173.299999,9029970.0,0.1652451053540887,316.7785714285714,315.8185,2.017082755167962,5.111974873301389,326.04244974660276,305.5945502533972,313.04377048031193,5.741142483413278
168,2025-07-20,313.49,312.58,313.78,312.05,1540377815.5999992,4921320.0,-0.03548766356350318,317.2271428571429,315.64,1.7425556363396026,5.161875424178553,325.9637508483571,305.31624915164286,312.734590160104,5.7416561270842825
169,2025-07-21,312.99,310.4,314.56,309.31,13947179362.399996,44824260.0,-0.10379046882186381,316.1457142857143,315.239,1.4126829881076333,5.245385842012077,325.7297716840241,304.74822831597584,311.1781967200347,5.734634938138965
170,2025-07-22,310.65,310.67,311.72,308.55,8360752088.199999,26942000.0,-0.04396067243620203,314.8142857142857,314.801,1.4886211668779765,5.242748274873218,325.2864965497464,304.3155034502536,310.83939890667824,5.735507214350442
171,2025-07-23,311.0,313.08,314.49,310.78,11718452317.199997,37399400.0,0.012663310036545083,313.59999999999997,314.49649999999997,1.6560531445725246,5.151704138080694,324.7999082761614,304.19309172383856,312.3331329688927,5.743259565198401
172,2025-07-24,313.09,310.83,313.99,309.75,8668962709.699995,27841890.0,-0.061537954830025096,311.28285714285715,314.066,1.3038579429195352,5.0760504746362285,324.2181009492724,303.91389905072754,311.33104432296426,5.736023759963219
173,2025-07-25,310.86,308.93,311.76,306.0,15731070355.09998,50866870.0,-0.03257025886020935,311.2728571428571,313.53499999999997,1.1896437285589059,5.027422170875711,323.5898443417514,303.4801556582485,309.7303481076547,5.729872484415941
174,2025-07-26,309.35,308.91,309.95,308.86,414202470.7999993,1339260.0,0.0024563337572701613,310.7714285714286,313.012,1.295434364641153,4.9316236250295455,322.8752472500591,303.1487527499409,309.1834493692183,5.7298075324803515
175,2025-07-27,308.86,308.83,309.15,308.12,545606847.2999997,1768030.0,0.04058211151708781,310.2357142857143,312.7785,1.4280004127864458,5.017117305050163,322.81273461010034,302.7442653898997,308.9478164564061,5.729547682542227
176,2025-07-28,309.44,303.97,309.45,303.54,11817029725.600004,38627240.0,-0.13983142196461165,309.3171428571428,312.4915,1.0660161012737603,5.354705038807814,323.2009100776156,301.78208992238433,305.6292721521354,5.7136337907065755
177,2025-07-29,304.77,305.26,308.26,303.05,9375226490.2,30696940.0,0.08553815296949255,308.5442857142857,312.25,1.5219428377923805,5.573175415373943,323.3963508307479,301.1036491692521,305.3830907173785,5.717882599034983
178,2025-07-30,305.58,303.3,306.2,303.2,4412739606.099999,14499120.0,-0.07285182387894902,307.1471428571428,311.71450000000004,1.5975896353671715,5.900111930249788,323.5147238604996,299.9142761395005,303.99436357245946,5.711419901785413
179,2025-07-31,303.9,304.95,305.79,302.81,6052599147.199992,19884770.0,0.16364209253403947,306.3071428571429,311.468,1.9933518849643406,6.081001129488821,323.63000225897764,299.3059977410224,304.6314545241532,5.716863214194731
180,2025-08-01,305.41,304.22,307.5,302.89,5640029361.959999,25320049.0,0.00012224677641827983,305.63428571428574,311.169,2.0062897552954837,6.290053049730445,323.74910609946085,298.5888939005391,304.3571515080511,5.714458614653435
181,2025-08-04,305.3,307.95,308.12,304.5,8705418280.859991,28420639.0,0.026470621493786428,305.4971428571429,311.09450000000004,2.2732209056429156,6.320360145468238,323.7352202909365,298.45377970906355,306.75238383601703,5.726684867873505
182,2025-08-05,307.97,307.38,308.67,305.25,6600273789.409998,21497509.0,-0.0688695931538716,305.28999999999996,310.56499999999994,2.0336572899325347,6.155484076051906,322.8759681521037,298.25403184789616,307.1707946120057,5.72482616158455
183,2025-08-06,307.4,310.22,312.96,303.33,18467299362.310005,59949361.0,0.09738186398630658,306.18285714285713,310.0765,2.114128595454133,5.741930057870436,321.5603601157409,298.59263988425914,309.20359820400193,5.734052997674449
184,2025-08-07,310.22,313.43,316.5,308.76,22585748627.03001,72089666.0,0.07141825634376045,307.34999999999997,309.669,1.9891518132699275,5.140242570561521,319.94948514112303,299.38851485887693,312.02119940133394,5.744380444084709
185,2025-08-08,314.68,317.97,317.98,312.6,11005948334.74,34959877.0,0.11914605028168386,309.44571428571425,309.21500000000003,1.5552909870503981,3.7325375875009956,316.680075175002,301.74992482499806,315.98706646711133,5.758807132174922
186,2025-08-11,321.72,317.82,322.9,317.05,13561508440.329996,42436965.0,-0.07301397309981233,311.28428571428566,309.656,0.140952263552947,4.197838290810147,318.0516765816203,301.2603234183797,317.20902215570374,5.758333789260704
187,2025-08-12,318.17,318.0,318.99,316.6,5965464945.6799965,18765577.0,-0.007915864079786212,313.2528571428571,309.935,-0.4537114242029361,4.5609376921397695,319.0568753842795,300.8131246157205,317.7363407185679,5.75890177387728
188,2025-08-13,318.0,317.51,319.7,317.05,6725812960.169995,21127896.0,-0.05466610557703415,314.61857142857144,310.1815,-0.9265253089249654,4.836322303264626,319.8541446065293,300.50885539347075,317.58544690618925,5.757354836661721
189,2025-08-14,317.6,318.73,319.2,314.81,8396973453.219994,26459276.0,-0.04728656941999504,316.24000000000007,310.598,-1.14008001573427,5.201062239682848,321.0001244793657,300.19587552063433,318.3484823020631,5.7612019655236875
190,2025-08-15,318.9,319.4,320.5,318.45,8332392054.180002,26071682.0,-0.009783288399348769,317.5514285714286,311.03450000000004,-1.4318954466498326,5.561282013311406,322.15706402662283,299.91193597337724,319.0494941006877,5.763308453970228
191,2025-08-16,316.86,315.17,316.88,310.03,3237814222.859998,10296497.0,0.00017712882894695137,317.8,311.139,-1.6379971644954026,5.621056184702388,322.3811123694048,299.89688763059524,316.46316470022924,5.749934240677345
192,2025-08-17,315.5,314.97,315.8,314.8,599506864.47,1902692.0,-0.002733489533526725,317.37142857142857,311.346,-1.6056495444362895,5.684944475033378,322.71588895006676,299.97611104993325,315.46772156674314,5.749297439942609
193,2025-08-18,315.01,318.38,319.89,314.3,11110049777.740017,35044641.0,0.02308929503202803,317.45142857142855,311.8185,-1.2400705616803975,5.863483134936616,323.5454662698732,300.09153373012674,317.4092405222477,5.760099794134696
194,2025-08-19,318.98,316.5,319.73,316.29,6964277289.180008,21879576.0,-0.05345912736806841,317.2371428571428,312.198,-1.6511403960381585,5.91076146132065,324.0195229226413,300.3764770773587,316.8030801740826,5.754158681981268
195,2025-08-20,316.53,314.17,317.51,313.02,5869479046.82,18653270.0,-0.040310290533083576,316.76000000000005,312.46500000000003,-1.7783189135671478,5.87109108482551,324.20718216965105,300.722817830349,315.04769339136084,5.746746174088317
196,2025-08-21,314.17,309.98,315.1,309.28,9613839595.840006,30815394.0,-0.15048368267736562,315.51000000000005,312.76550000000003,-1.831882574557767,5.558912687132229,323.8833253742645,301.6476746257356,311.6692311304536,5.733276549883904
197,2025-08-22,310.11,312.05,312.49,309.75,4824423002.320003,15495808.0,0.057691271048856026,314.46,313.10499999999996,-1.1227727848212794,5.276576342169089,323.6581526843381,302.5518473156618,311.9230770434845,5.739953670961029
198,2025-08-23,312.11,312.3,312.5,311.55,177227685.37,567839.0,0.007780475277550056,314.05000000000007,313.55499999999995,-0.8214728285410615,4.7542939040742285,323.0635878081484,304.0464121918515,312.1743590144949,5.7407570774475625
199,2025-08-24,312.3,311.84,312.45,311.5,227834332.1200001,730827.0,-0.0689315109995182,313.6028571428572,313.8995,-0.6371897039290957,4.328513145715637,322.5565262914313,305.2424737085687,311.9514530048316,5.739278310341041
200,2025-08-25,311.84,311.42,312.3,308.75,4747806801.169988,15298883.0,0.0071150286792284745,312.60857142857145,314.2595,-0.4511309691782799,3.7405860433052283,321.74067208661046,306.77832791338955,311.59715100161054,5.737926219223039
201,2025-08-26,311.11,311.79,314.0,310.5,3529157240.5700026,11297232.0,0.04552322116525739,311.9357142857143,314.4515,-0.16528858304968708,3.4898277366627073,321.4311554733254,307.4718445266746,311.72571700053686,5.73911744294369
202,2025-08-27,312.0,312.78,313.78,311.06,3654563019.239999,11692831.0,0.07414989591869409,311.7371428571428,314.7215,0.004705190933293579,3.1011785111302617,320.9238570222605,308.5191429777395,312.42857233351225,5.742297810884534
203,2025-08-28,313.03,310.82,314.5,310.12,6341434576.040005,20309447.0,-0.0037301259433467,311.85714285714283,314.7515,-0.15692028107207534,3.0579409567122497,320.86738191342454,308.6356180865755,311.3561907778374,5.735991483678217
204,2025-08-29,311.18,310.04,311.82,308.95,4611253588.029998,14855695.0,-0.09818287613042664,311.57,314.582,-0.08010924582612233,3.2244650311088074,321.03093006221764,308.13306993778235,310.4787302592792,5.733470718358026
205,2025-08-30,309.99,309.92,310.54,309.71,242165422.33,780762.0,-0.048697759918005845,311.23,314.1795,0.14217984577697962,3.281221651506839,320.74194330301367,307.61705669698637,310.1062434197597,5.733082343701063
206,2025-08-31,309.92,310.99,311.24,309.92,339862515.42999953,1093718.0,0.053364773016818356,311.10857142857145,313.838,0.40394846132551265,3.237519518331972,320.31303903666395,307.3629609633361,310.69541447325327,5.736540038894374
207,2025-09-01,310.86,309.2,312.5,308.82,3429144391.6399965,11045087.0,-0.017004928664302348,310.7914285714286,313.398,0.33942017124587665,3.2400935659006946,319.87818713180144,306.9178128681986,309.6984714910844,5.730748922886015
208,2025-09-02,309.2,308.44,310.1,307.05,5366665365.110001,17407779.0,0.006091270175080658,310.3128571428571,312.94449999999995,0.46516671653745334,3.2688795360267275,319.4822590720534,306.4067409279465,308.85949049702816,5.728279946256588
209,2025-09-03,308.45,309.49,309.68,307.21,3233933499.5099974,10482402.0,0.21960361224437744,309.84285714285716,312.4825,0.7428864760562419,3.054061790641169,318.59062358128233,306.3743764187177,309.27983016567606,5.731689427909209
210,2025-09-04,309.6,308.74,310.8,307.5,3974488416.2399983,12848837.0,0.00632596056898305,309.54571428571427,311.9495,0.7313804537459418,2.692008592697961,317.3335171853959,306.5654828146041,308.9199433885587,5.729255270629232
211,2025-09-05,309.1,310.5,311.16,308.8,3614081672.130001,11650553.0,0.09299666119815839,309.6114285714285,311.716,0.9115238318914294,2.5988892364161438,316.9137784728323,306.5182215271677,309.9733144628529,5.734958092124651
212,2025-09-06,310.5,310.13,310.9,310.1,203152780.62999985,654610.0,0.03816736567331964,309.64142857142855,311.47400000000005,0.8154364612599352,2.503533082413465,316.481066164827,306.4669338351731,310.0777714876176,5.733761900397387
213,2025-09-07,310.13,310.69,311.0,310.13,228108774.07,734383.0,0.04701411293473579,309.59857142857146,311.0895,0.8250496470938629,1.9063728994036957,314.90224579880737,307.2767542011926,310.4859238292059,5.735571797145608
214,2025-09-08,310.44,312.83,313.26,310.31,5299396869.880001,16963643.0,0.04574878000980021,310.1171428571429,310.906,0.9403870577154407,1.48914104524505,313.8842820904901,307.9277179095099,312.04864127640195,5.742458167518031
215,2025-09-09,313.0,313.06,314.25,311.62,5359212726.610006,17116843.0,0.039482006148363294,310.77714285714285,310.8505,0.6704618157797313,1.3775969733759486,313.6056939467519,308.0953060532481,312.72288042546734,5.743195477013036
216,2025-09-10,313.65,309.76,313.65,309.0,5999706054.390001,19292572.0,-0.1375358293102405,310.8157142857143,310.8395,0.10758063755173453,1.385767790224249,313.61103558044846,308.0679644195515,310.7476268084891,5.732564276081653
217,2025-09-11,309.76,307.11,310.77,305.8,9052430559.630013,29436347.0,-0.0801743540083679,310.5828571428571,310.59250000000003,0.023185622866947142,1.584636352108272,313.7617727042166,307.4232272957835,308.32254226949635,5.723944514480142
218,2025-09-12,307.5,303.5,308.72,302.53,12001884293.420012,39315303.0,-0.12795917963641815,309.5828571428571,310.15250000000003,0.006885406091100776,2.1912070093664626,314.53491401873293,305.77008598126713,305.10751408983214,5.7120812774708964
219,2025-09-13,303.61,302.84,303.8,302.65,387970484.06,1279027.0,-0.016192696252683464,308.5414285714286,309.7025,0.49802471633677214,2.693084467180788,315.0886689343616,304.3163310656384,303.595838029944,5.7098970756560545
220,2025-09-14,303.18,303.97,304.25,302.72,475448886.61,1566130.0,0.136575611628099,307.5814285714286,309.33000000000004,1.0182276011221916,2.9463447470421786,315.2226894940844,303.43731050591566,303.84527934331464,5.7136337907065755
221,2025-09-15,304.0,302.48,304.75,300.71,6637780297.000008,21943886.0,-0.1333419399407505,306.1028571428572,308.8645,1.1866688585801626,3.2563710428056236,315.3772420856113,302.35175791438877,302.9350931144382,5.708703678975269
222,2025-09-16,303.0,301.8,304.2,299.7,7874847903.39,26108050.0,0.002640438379493501,304.4942857142857,308.31550000000004,1.391269057061379,3.479436546944404,315.27437309388887,301.3566269061112,302.1783643714794,5.706445592075685
223,2025-09-17,301.8,304.5,305.92,299.8,9515741220.009989,31421531.0,-0.009187170269568723,303.74285714285713,307.9995,1.9066536170856239,3.526676495691797,315.0528529913836,300.94614700861644,303.72612145715976,5.715381610499553
224,2025-09-18,304.8,301.68,305.05,300.66,8315372549.130001,27536729.0,-0.105303797644897,302.96714285714285,307.5815,1.6490585666256266,3.759825408880692,315.1011508177614,300.06184918223863,302.36204048571994,5.7060465763092685
225,2025-09-19,301.6,294.84,303.8,294.61,11635708803.639973,38919790.0,-0.12296547207236294,301.73,306.8275,1.3785318481964737,4.668462921844102,316.1644258436882,297.49057415631177,297.3473468285733,5.683035401511412
226,2025-09-22,295.86,298.05,299.3,292.16,12146855505.87,41184639.0,0.06236207671372761,301.04571428571427,306.1805,2.1946886205444684,4.949440664836618,316.07938132967325,296.28161867032674,297.8157822761911,5.69390047480175
227,2025-09-23,298.26,291.6,300.11,290.39,10055129316.839998,33989319.0,-0.23064712972419926,299.27857142857147,305.3005,1.9870656969865195,5.864379067054467,317.02925813410894,293.57174186589106,293.6719274253971,5.671947751136183
228,2025-09-24,291.8,293.31,296.64,288.4,14013824160.560003,47845030.0,0.005609399101873358,297.96857142857147,304.544,2.8463689280945346,6.390361492122433,317.32472298424483,291.76327701575514,293.43064247513234,5.677814882958619
229,2025-09-25,293.87,289.9,294.89,289.5,6131641048.37,20998024.0,-0.07367628897028966,296.2685714285714,303.5645,2.9333287883399066,7.058750057086751,317.6820001141735,289.44699988582653,291.0768808250441,5.66608060747219
230,2025-09-26,290.2,291.33,292.79,288.52,6577490806.230006,22643314.0,-0.005377473368272056,294.38714285714286,302.694,3.5933306317476195,7.44960217941737,317.5932043588348,287.79479564116525,291.24562694168134,5.671018207062228
231,2025-09-27,291.03,291.69,292.0,291.03,210816051.0800001,723038.0,0.028963398758229723,292.96000000000004,301.7535,3.9813283084141062,7.598124612796237,316.9497492255924,286.5572507744075,291.5418756472271,5.672257407248344
232,2025-09-28,291.69,291.08,291.85,290.95,173916727.3499999,596818.0,-0.01444993744911841,292.42285714285714,300.801,4.100741549260761,7.686321343105209,316.1736426862104,285.42835731378955,291.2339585490757,5.670156747006541
233,2025-09-29,291.4,287.57,295.5,286.5,10173459123.44,34950615.0,-0.13734178275736098,290.92571428571426,299.64500000000004,3.9252306478622927,7.8574520444976255,315.3599040889953,283.9300959110048,288.79131951635856,5.657982834409276
234,2025-09-30,287.67,288.36,289.88,285.24,8448898245.349996,29382368.0,0.12638350336298013,290.46285714285716,298.42150000000004,4.331708083057663,7.597158246413824,313.61581649282766,283.2271835071724,288.5037731721195,5.660735785113835
235,2025-10-01,288.88,286.4,290.39,285.11,6576740304.079999,22897705.0,-0.03687530651720978,289.4757142857143,297.08849999999995,4.277333329897829,7.223180721596475,311.5348614431929,282.642138556807,287.10125772403984,5.653891705042736
236,2025-10-02,286.4,285.22,287.15,282.8,7977142960.950017,28023440.0,-0.1342060919087008,288.8071428571429,295.8615,4.451856432880561,7.039349009225561,309.9401980184511,281.78280198154886,285.8470859080133,5.649748586163716
237,2025-10-03,285.75,282.91,287.32,282.58,4866587736.440003,17098575.0,-0.07002021789080812,287.6042857142857,294.6515,4.453299244498908,7.083809765195143,308.8191195303903,280.4838804696097,283.88902863600447,5.641587871063083
238,2025-10-04,283.0,280.4,283.0,279.39,1580689004.8099997,5632692.0,-0.10645549622124868,285.99142857142857,293.4965,4.608466126268638,7.4394243375199665,308.37534867503996,278.6176513249601,281.5630095453348,5.632644446822861
239,2025-10-05,280.4,281.99,282.13,279.14,687662202.8999999,2450371.0,0.08795434078444844,284.6928571428572,292.454,5.165665637175721,7.521611249557747,307.4972224991155,277.41077750088454,281.8476698484449,5.638319081511895
240,2025-10-06,282.39,290.56,291.17,281.82,10457639041.399986,36480863.0,0.18778058712570622,285.12,291.7835,5.890130608337813,7.022129138059105,305.82775827611823,277.7392417238818,287.65588994948166,5.6683625294249405
241,2025-10-07,290.0,293.89,295.87,288.75,11118592914.900003,37893983.0,0.10116350017822592,285.91,291.354,5.559610224673747,6.582386705203649,304.5187734104073,278.1892265895927,291.81196331649386,5.67979711190569
242,2025-10-08,293.93,281.9,295.0,278.0,21455966507.52003,75222569.0,-0.2909556740486936,285.26714285714286,290.35900000000004,3.788865071512248,6.422358887839415,303.20371777567885,277.5142822243212,285.20398777216457,5.637998734110198
243,2025-10-09,282.8,289.37,290.45,278.75,21756142085.850056,76179258.0,0.22703268355910897,285.86,289.6025,4.486898188112718,5.492825823409566,300.58815164681914,278.6168483531809,287.98132925738815,5.66424437780871
244,2025-10-10,289.9,285.12,289.95,284.1,9802145252.36,34168796.0,-0.19116261569150772,286.17571428571426,288.7745,3.6504067738403023,4.778056723463057,298.3306134469261,279.21838655307386,286.0737764191294,5.649396684129609
245,2025-10-11,284.4,285.16,285.31,282.22,678528795.17,2386239.0,0.004650022296802319,286.85571428571427,288.2905,3.748079805099735,4.618930697626074,297.52836139525215,279.05263860474787,285.4645921397098,5.649537459803805
246,2025-10-12,285.12,286.81,286.85,285.0,475355856.8499995,1662362.0,0.023635856447234833,287.5442857142857,287.72850000000005,3.8020050603767004,4.013025207469805,295.7545504149397,279.70244958506044,286.3615307132366,5.655327254386798
247,2025-10-13,286.99,285.39,288.75,282.35,9474558808.67001,33206410.0,-0.07723776843050426,286.8057142857143,287.418,3.4273082648280138,3.9372373429519483,295.2924746859039,279.5435253140961,285.7138435710788,5.650346535566874
248,2025-10-14,285.5,283.3,286.99,282.05,6336024375.6399975,22304284.0,0.026704449351974427,285.29285714285714,286.9175,3.1508670907472833,3.7820015238381517,294.4815030476763,279.3534969523237,284.104614523693,5.642970335259443
249,2025-10-15,283.93,283.74,285.39,282.0,6354633082.600008,22412693.0,0.01489570450523162,285.5557142857143,286.60949999999997,3.147434637200263,3.7771549791927157,294.1638099583854,279.05519004161454,283.8615381745644,5.644527747438887
250,2025-10-16,283.9,302.91,304.0,282.4,27693939616.719982,94011501.0,0.4266679302177009,287.49,287.1885,4.5313273401945935,5.169696392388254,297.5278927847765,276.84910721522346,296.5605127248548,5.710128959715065
251,2025-10-17,303.23,300.91,305.0,299.76,13662360087.790018,45293894.0,-0.015238245480744171,289.7457142857143,287.64950000000005,2.658578576040611,5.945166524160498,299.53983304832104,275.75916695167905,299.46017090828497,5.703482429647199
252,2025-10-18,301.3,304.18,304.8,301.3,2076456983.379998,6838786.0,0.18242774466128306,292.46285714285716,288.3045,1.6737346326279408,6.97538414335492,302.25526828670985,274.3537317132902,302.606723636095,5.714326688531872
253,2025-10-19,304.22,303.03,304.87,302.24,1001587937.04,3301013.0,0.020340330624070473,294.78000000000003,289.0775,0.38146391167964566,7.707870123588246,304.49324024717646,273.6617597528235,302.8889078786983,5.7105263501895465
254,2025-10-20,303.95,304.0,306.15,302.71,7510752602.509995,24667908.0,-0.07465249313539096,297.43857142857144,289.8595,-0.5355170108895777,8.39407590287085,306.6476518057417,273.07134819425835,303.6296359595661,5.713732805509369
255,2025-10-21,304.1,295.47,304.43,290.5,21009220004.879963,70646260.0,-0.24742045786509168,299.1771428571429,290.313,-1.9022055757594671,8.442206059904839,307.19741211980966,273.4285878801903,298.1898786531887,5.685177130330632
256,2025-10-22,295.52,290.02,295.77,286.76,12617477172.48001,43163350.0,-0.08445399233193406,300.07428571428574,290.553,-2.1333466965550656,8.35760359760716,307.2682071952143,273.8377928047857,292.7432928843962,5.666495889870184
257,2025-10-23,286.93,291.8,291.98,285.21,11285276468.590008,39228445.0,0.09957041741213504,298.4871428571428,290.99750000000006,-0.8994162729807726,8.163877996844871,307.3252559936898,274.66974400631034,292.1144309614654,5.672635745659364
258,2025-10-24,292.17,287.55,294.93,286.3,13867992000.929989,47904311.0,-0.10364022573135893,296.5785714285715,291.35499999999996,-0.9878819956874736,7.824897174370607,307.0047943487412,275.7052056512587,289.07147698715517,5.657913040997746
259,2025-10-27,287.47,283.17,287.99,282.46,9995467134.350004,35162033.0,-0.08036502620131744,293.57714285714286,291.414,-0.6999519273054489,7.754702071035724,306.92340414207143,275.90459585792854,285.1371589957184,5.642509726184388
260,2025-10-28,283.22,289.46,290.7,281.0,10631654782.900002,36966759.0,0.12810933093860533,291.6385714285714,291.359,0.6043802003794099,7.764971887975645,306.88894377595125,275.8290562240487,288.01905299857276,5.664556428155364
261,2025-10-29,290.45,290.5,291.51,288.15,6313299551.419992,21784278.0,-0.001599095322045335,289.71,291.1895,0.6552457683495163,7.743786286606249,306.6770725732125,275.7019274267875,289.6730176661909,5.66815529701305
262,2025-10-30,290.49,296.12,298.0,289.13,11142750680.779997,37766748.0,-0.008245622182756068,289.80285714285714,291.90049999999997,1.0983427722077863,7.494780271348118,306.8900605426962,276.91093945730375,293.9710058887303,5.68738205328842
263,2025-10-31,296.04,291.89,297.97,290.0,9302630867.510008,31675676.0,-0.1628985866862738,290.07,292.0265,0.32996187422804724,7.471144684366403,306.9687893687328,277.0842106312672,292.5836686295768,5.6729451888360325
264,2025-11-01,292.0,293.7,294.42,290.35,3763739970.14,12822737.0,0.03391328604472466,290.3414285714286,292.4555,0.43251288740128757,7.298024588526434,307.05154917705283,277.8594508229471,293.32788954319227,5.6791481936978405
265,2025-11-03,294.19,298.04,300.0,294.19,5350986709.950004,17970362.0,0.04192424192607239,291.84,293.0995,0.5118618253463296,7.187817526166994,307.47513505233394,278.723864947666,296.46929651439746,5.693866809868824
266,2025-11-05,297.64,295.7,298.82,293.88,9996341505.050009,33737444.0,0.02952424326839312,293.63,293.544,-0.0920313069523786,7.05199814908772,307.6479962981754,279.44000370182454,295.9564321714658,5.685957889743649
267,2025-11-06,295.73,294.27,296.93,292.01,7064646712.27999,24025168.0,-0.11098203120171671,294.31714285714287,293.988,-0.39830619639496945,6.786129506884642,307.56025901376927,280.41574098623073,294.8321440571553,5.68109368640151
268,2025-11-07,293.5,296.84,298.09,292.52,6541015487.159998,22069475.0,0.06878627405416256,295.22285714285715,294.665,-0.11691693640216272,6.3233631125083765,307.3117262250168,282.01827377498324,296.1707146857184,5.689818767638815
269,2025-11-08,297.27,297.93,298.44,296.7,951575885.0599996,3197476.0,0.024296792153986377,295.4814285714286,295.3745,-0.35631945984516733,5.808117255413484,306.990734510827,283.758265489173,297.3435715619061,5.693496420787701
270,2025-11-09,297.93,297.97,298.35,297.59,180088695.92999992,604540.0,0.07313774184378326,296.34999999999997,295.1275,-0.6308790498887333,5.570991478420315,306.26948295684065,283.98551704315935,297.7611905206354,5.693631123599825
271,2025-11-10,297.97,300.46,302.79,297.36,11794871611.210018,39179839.0,-0.005040155221442688,297.3157142857143,295.10499999999996,-0.6600538960679501,5.547266277897149,306.19953255579424,284.0104674442057,299.5603968402118,5.701980852709573
272,2025-11-11,300.86,301.12,301.87,298.06,6452433192.429999,21489101.0,0.06507159205366717,297.7557142857143,294.952,-1.0427401271238068,5.321394356250713,305.59478871250144,284.30921128749856,300.60013228007057,5.704182394677528
273,2025-11-12,301.15,299.09,301.89,296.81,7277070281.419997,24329162.0,-0.05415734569530813,298.23999999999995,294.755,-1.5227052355771207,5.073773121081646,304.9025462421633,284.6074537578367,299.5933774266902,5.69739545433135
274,2025-11-13,299.0,299.09,301.53,297.67,5048729657.949996,16853483.0,-0.04666741045092349,298.92857142857144,294.5095,-1.5741000614504514,4.7085426005349715,303.92658520106994,285.09241479893006,299.25779247556335,5.69739545433135
275,2025-11-14,299.09,297.44,299.7,295.5,5838418641.349995,19655059.0,-0.02100006670829625,299.0142857142857,294.608,-1.73147093579297,4.750115344859923,304.10823068971985,285.10776931028016,298.0459308251878,5.691844837083158
276,2025-11-15,297.44,297.17,297.89,296.8,197719640.79999983,665258.0,0.0026911436317417587,298.9057142857143,294.96549999999996,-1.6199926073159645,4.654744580024048,304.27498916004805,285.6560108399519,297.4619769417293,5.69093361378729
277,2025-11-16,297.1,297.0,297.2,296.66,156705379.0900001,527655.0,-0.03270353341199303,298.76714285714286,295.22549999999995,-1.477552405725021,4.613670162508501,304.45284032501695,285.99815967498296,297.1539923139098,5.69035945432406
278,2025-11-17,296.02,294.68,296.55,293.64,6303614862.269988,21363071.0,-0.03270784269696081,297.9414285714286,295.582,-1.355953360049682,4.250544980538282,304.08308996107655,287.08091003892343,295.50466410463656,5.682490739188579
279,2025-11-18,294.68,299.44,302.86,293.33,14157514528.870008,47260145.0,0.10924470213503154,297.70142857142855,296.39549999999997,-0.7017552088960315,3.1694785807265786,302.7344571614531,290.0565428385468,298.1282213682122,5.698568907603313
280,2025-11-19,300.0,304.75,309.9,298.66,18329390316.710026,60132565.0,0.13166942138736346,298.50999999999993,297.15999999999997,-0.5520927802371034,3.2515065334153186,303.6630130668306,290.6569869331693,302.54274045607076,5.716204994654758
281,2025-11-20,304.76,307.89,308.88,301.78,12934315611.36,42352133.0,0.11508515752055665,299.76714285714286,298.0295,-0.8741282815652767,3.674451588153618,305.37840317630724,290.6805968236927,306.10758015202356,5.726489377191272
282,2025-11-21,308.5,306.7,309.23,304.22,9917805065.750004,32336510.0,0.03265723973141664,301.09000000000003,298.5585,-1.7443369703074723,4.11968863795368,306.79787727590735,290.3191227240926,306.5025267173412,5.722604228896789
283,2025-11-24,308.67,305.87,309.95,303.7,8129662622.060006,26541972.0,-0.1343330621901588,302.3328571428571,299.2575,-2.514394068680417,4.114684710054749,307.4868694201095,291.0281305798905,306.08084223911374,5.7198854562375985
284,2025-11-25,306.0,306.6,307.97,303.0,9007594998.840004,29434900.0,0.1223366567851415,303.70428571428573,299.90250000000003,-2.656126620735904,4.2076870443461365,308.3178740886923,291.48712591130777,306.4269474130379,5.722277057292366
285,2025-11-26,306.48,304.96,306.87,304.0,3946630169.1599975,12942518.0,-0.13725990816475953,305.17285714285714,300.24850000000004,-2.925391422284065,4.329233887494643,308.9069677749893,291.59003222501076,305.44898247101264,5.716896113801584
286,2025-11-27,305.47,299.53,306.25,297.33,10394336262.279997,34517910.0,-0.16190996154101323,305.18571428571425,300.44,-3.3671756239143065,4.200231823176126,308.84046364635225,292.03953635364775,301.5029941570042,5.69887043029518
287,2025-11-28,300.86,304.17,305.26,299.05,7515783116.959988,24863407.0,0.11720365263155082,305.1028571428571,300.935,-2.689688310307929,4.014057535055674,308.96311507011137,292.90688492988863,303.2809980523347,5.7142937042818485
288,2025-11-29,304.32,303.88,304.97,303.76,294309754.89,967797.0,0.0024833373802878103,304.53000000000003,301.287,-2.6443100639214663,3.944125678578388,309.17525135715675,293.3987486428432,303.6803326841116,5.7133366874610125
289,2025-11-30,303.86,305.23,305.43,303.6,603673487.5400003,1979918.0,0.004918632648063387,304.32,301.65199999999993,-2.412867733382086,3.954875205962539,309.561750411925,293.74224958807486,304.7134442280372,5.717783994292015
